Operacion,T1,T2,T3,T4,T5,T6,T7,T8,T9,T10
add,0.054061,0.028613,0.01586,0.015318,0.014597,0.233125,0.127719,0.12308,0.137967,0.167303
search,0.013385,0.012434,0.011462,0.011822,0.01077,0.011833,0.010089,0.011402,0.011041,0.022182