Operacion,T1,T2,T3,T4,T5,T6,T7,T8,T9,T10
add,0.042548,0.028882,0.028883,0.028051,0.048218,20.454089,20.224570,19.956853,19.872488,20.277036
search,0.102197,0.098179,0.069948,0.039652,0.020568,0.023022,0.026729,0.029594,0.027731,0.028522