Operacion,T1,T2,T3,T4,T5,T6,T7,T8,T9,T10
add,0.049863,0.031859,0.042469,0.025458,0.028153,19.237339,20.116628,19.603466,19.834489,19.782831
search,0.025699,0.022583,0.038933,0.019747,0.028944,0.018736,0.021450,0.020809,0.020749,0.017704Operacion,T1,T2,T3,T4,T5,T6,T7,T8,T9,T10
add,0.038514,0.044325,0.027152,0.023886,0.022683,16.126878,15.038218,15.197633,14.229614,14.846311
search,0.021511,0.019056,0.016742,0.017563,0.035268,0.018946,0.024407,0.018345,0.024807,0.016361